name,url,author,date
Sling TV finally launches on the Amazon Echo Show 8 and 10,https://www.theverge.com/2023/4/14/23683156/sling-tv-amazon-echo-show-launch-streaming,EMMA ROTH,Apr-14
How two insurgents are taking on Twitter,https://www.theverge.com/23683140/artifact-substack-notes-twitter-competitors,CASEY NEWTON,Apr-14
OpenAI’s CEO confirms the company isn’t training GPT-5 and ‘won’t for some time’,https://www.theverge.com/2023/4/14/23683084/openai-gpt-5-rumors-training-sam-altman,JAMES VINCENT,Apr-14
"Kia EV6 GT review: the attainable, guilt-free supercar",https://www.theverge.com/23680537/kia-ev6-gt-review-ev-specs-price-photos,TIM STEVENS,Apr-14
The Fox News defamation case might be almost as entertaining as Succession,https://www.theverge.com/2023/4/14/23682366/fox-news-defamation-dominion-trial-rupert-murdoch,ELIZABETH LOPATTO,Apr-14
"Twitter Blue’s new 10,000 character limit turns tweets into essays",https://www.theverge.com/2023/4/14/23683082/twitter-blue-10000-character-limit-bold-italic-features-substack-newsletter,JESS WEATHERBED,Apr-14
Hackers reportedly holding Western Digital data hostage,https://www.theverge.com/2023/4/14/23683081/western-digital-hack-data-hostage-report,TOM WARREN,Apr-14
First look at Cybertruck’s comically large windshield wiper in action,https://www.theverge.com/2023/4/14/23683065/cybertruck-windshield-wiper-tesla-video,THOMAS RICKER,Apr-14
The perfect Lego Nintendo Game Boy doesn’t exist...,https://www.theverge.com/21578775/lego-nintendo-game-boy-fan-model-nick-lever-masters,SEAN HOLLISTER,Apr-14
"Bungie is ready to ban XIM, Cronus cheaters from Destiny 2",https://www.theverge.com/2023/4/13/23682499/bungie-xim-cheat-device-hardware-ban-suspend-destiny-2,UMAR SHAKIR,Apr-14
Here’s a collection of gifts you can give mom no matter the occasion,https://www.theverge.com/22899871/best-gifts-mom-tech-gadgets-ideas-christmas-birthday-mothers-valentines-day,SHEENA VASANI,Apr-14
"In Final Fantasy XVI, you can command the dog (and a whole lot more)",https://www.theverge.com/23680770/final-fantasy-16-gameplay-april-sony-state-of-play,ASH PARRISH,Apr-14
The best Xbox controller to buy right now,https://www.theverge.com/23025443/best-xbox-controllers-one-series-x-s,ANTONIO G. DI BENEDETTO,Apr-14
"Anker, Bambu, Prusa, Creality: 3D printers suddenly have a need for speed",https://www.theverge.com/2023/4/13/23681219/anker-bambu-prusa-creality-3d-printer-speed-arms-race,SEAN HOLLISTER,Apr-14
National Guard member arrested for leaking classified documents on Discord,https://www.theverge.com/2023/4/13/23682097/discord-leak-national-guard-classified-documents,EMMA ROTH,Apr-14
EA shares new trailer for its single-player shooter with magic spells,https://www.theverge.com/2023/4/13/23682477/ea-immortals-of-aveum-single-player-shooter-magic-spells-originals-release-date,JAY PETERS,Apr-14
Spotify finally adds iOS 16 support for home and lock screen widgets,https://www.theverge.com/2023/4/13/23681889/spotify-ios-16-lock-home-screen-widgets-support,UMAR SHAKIR,Apr-14
Suicide Squad kills another release date,https://www.theverge.com/2023/4/13/23682376/suicide-squad-kill-the-justice-league-delayed-february-2024,ASH PARRISH,Apr-14
"Google Chat is getting a new look to match Docs, Sheets, and Gmail",https://www.theverge.com/2023/4/13/23682345/google-chat-new-look-material-3-design,EMMA ROTH,Apr-14
Twitter is rebranding Super Follows to Subscriptions,https://www.theverge.com/2023/4/13/23682184/twitter-super-follows-subscriptions-rebranding,JAY PETERS AND EMMA ROTH,APR 13
Valve’s Steam Deck: all the news about the new gaming handheld,https://www.theverge.com/22579493/valve-steam-deck-gaming-handheld-pc,JAY PETERS,APR 13
Amazon offers free access to its AI coding assistant to undercut Microsoft,https://www.theverge.com/2023/4/13/23681796/amazon-ai-coding-assistant-codewhisperer-microsoft,EMMA ROTH,APR 13
Is Substack Notes a ‘Twitter clone’? We asked CEO Chris Best,https://www.theverge.com/23681875/substack-notes-twitter-elon-musk-content-moderation-free-speech,NILAY PATEL,APR 13
"Tears of the Kingdom is still shrouded in mystery, and that’s just the way I like it",https://www.theverge.com/23681825/the-legend-of-zelda-tears-of-the-kingdom-mystery,JAY PETERS,APR 13
A data scientist cloned his best friends’ group chat using AI,https://www.theverge.com/2023/4/13/23671059/ai-chatbot-clone-group-chat,JAMES VINCENT,APR 13
How to take screenshots on your Windows 11 PC,https://www.theverge.com/23030210/screenshots-windows-11-how-to,BARBARA KRASNOFF,APR 13
New Arkansas bill to keep minors off social media exempts most social media platforms,https://www.theverge.com/2023/4/13/23681770/arkansas-social-media-bill-restricts-minors-parental-consent,JESS WEATHERBED,APR 13
Microsoft’s HoloLens 2 headset is getting a Windows 11 upgrade,https://www.theverge.com/2023/4/13/23681505/microsoft-hololens-2-windows-11-update-release-date,TOM WARREN,APR 13
You can now talk to Microsoft’s Bing chatbot from your keyboard in iOS with SwiftKey,https://www.theverge.com/2023/4/13/23681493/microsoft-bing-ios-integration-swiftkey-ios-android-availability,JAMES VINCENT,APR 13
"Ubisoft Plus is finally launching on Xbox, but it will have fewer games than on PC",https://www.theverge.com/2023/4/13/23679677/ubisoft-plus-xbox-launch,JAY PETERS,APR 13
"Asus’ latest ROG gaming phones are faster, cooler, and louder",https://www.theverge.com/2023/4/13/23681738/asus-rog-phone-7-ultimate-price-release-date-specs-features-gaming-cooling,JON PORTER,APR 13
The Legend of Zelda: Tears of the Kingdom — all the latest on Nintendo’s huge sequel,https://www.theverge.com/2023/3/27/23658874/the-legend-of-zelda-tears-of-the-kingdom-news-announcements,JAY PETERS,APR 13
Zelda: Tears of the Kingdom’s final trailer has open skies and lots of drama,https://www.theverge.com/2023/4/13/23680631/tears-of-the-kingdom-final-trailer-nintendo,ASH PARRISH,APR 13
Apple’s colorful HomePod Mini is down to one of its best prices to date,https://www.theverge.com/2023/4/13/23680284/apple-homepod-mini-microsoft-surface-laptop-5-magic-keyboard-philips-hue-deal-sale,SHEENA VASANI,APR 13
Nvidia RTX 4070 review: a $600 RTX 3080 — kind of,https://www.theverge.com/23678453/nvidia-rtx-4070-review-gpu-graphics-card-benchmark-test,TOM WARREN,APR 13
This is the best time in a decade to splurge on a premium OLED TV,https://www.theverge.com/23674113/lg-samsung-qd-oled-woled-g3-s95c-brightness-features,CHRIS WELCH,APR 13
Coachella is headed back to Fortnite this year,https://www.theverge.com/2023/4/13/23680915/fortnite-coachella-2023-festival-update,ANDREW WEBSTER,APR 13
Adobe announces new collaboration and editing features for Frame.io and Premiere Pro,https://www.theverge.com/2023/4/13/23681495/adobe-frameio-premiere-pro-new-features-editing,JESS WEATHERBED,APR 13
"Samsung Galaxy A54 5G review: a little bit flagship, but mostly midrange",https://www.theverge.com/23681017/samsung-galaxy-a54-5g-review-screen-camera-battery,ALLISON JOHNSON,APR 13
Apple’s new series Drops of God turns wine tasting into high-stakes drama,https://www.theverge.com/23680565/drops-of-god-review-apple-tv-plus,ANDREW WEBSTER,APR 13
"Leica’s $9,195 M11 Monochrom camera lives in a gray area of expensive minimalism",https://www.theverge.com/23680479/leica-m11-monochrom-50mm-summilux-announcement-price-specs-review-impressions,ANTONIO G. DI BENEDETTO,APR 13
DJI’s new Inspire 3 is a flying 8K movie-making camera under a powerful drone,https://www.theverge.com/2023/4/13/23680397/dji-inspire-3-8k-drone-announcement,UMAR SHAKIR,APR 13
Microsoft is experimenting with a Windows gaming handheld mode for Steam Deck-like devices,https://www.theverge.com/2023/4/13/23681492/microsoft-windows-handheld-mode-gaming-xbox-steam-deck,TOM WARREN,APR 13
PBS also stops tweeting after being hit with ‘government-funded media’ label,https://www.theverge.com/2023/4/13/23681491/pbs-stops-tweeting-government-funded-media-npr,JON PORTER,APR 13
What we’ve learned about Sony PlayStation’s new smartphone games team,https://www.theverge.com/2023/4/12/23680947/sony-playstation-studios-mobile-team-internal-external-studios-f2p,SEAN HOLLISTER,APR 13
Congressional Republicans subpoena the FTC for asking Twitter too many questions,https://www.theverge.com/2023/4/12/23680860/elon-musk-twitter-ftc-subpoena-jim-jordan-lina-khan,MAKENA KELLY,APR 13
The Google graveyard: all the products Google has shut down,https://www.theverge.com/2019/11/26/20977968/google-graveyard-products-shut-down-dead-not-supported-discontinues-spring-cleaning,JAY PETERS,APR 13
"Google will shut down Currents, the work-focused Google Plus replacement",https://www.theverge.com/2022/2/10/22928042/google-plus-replacement-wind-down-currents-spaces,MITCHELL CLARK,APR 13
Android 14’s first beta introduces a back arrow that matches your background,https://www.theverge.com/2023/4/12/23680037/android-14-beta-announcement-google-app-navigation-back-arrow,JESS WEATHERBED,APR 13
"Summer gaming events 2023: with E3 canceled, here’s what’s next",https://www.theverge.com/2023/3/30/23663989/summer-gaming-events-2023-e3-canceled-news-announcements,JAY PETERS,APR 13
Warner Bros. Discovery’s $15.99-ish ‘Max’ combo will be revealed tomorrow,https://www.theverge.com/2023/4/11/23678849/warner-bros-discovery-max-combo-announcement-date,EMMA ROTH,APR 13
"Max is charging more money for 4K, and that means it can’t suck this time",https://www.theverge.com/2023/4/12/23680672/max-hbo-4k-hdr-price-increase,ALEX CRANZ,APR 13
"Game of Thrones is getting another prequel, and its plot sounds very familiar",https://www.theverge.com/2023/4/12/23680681/knight-of-seven-kingdoms-game-of-thrones-prequel,ALEX CRANZ AND EMMA ROTH,APR 13
Chipotle plans to ditch gas grills at 100 new locations,https://www.theverge.com/2023/4/12/23680207/chipotle-gas-grill-electric-stove-climate-change,JUSTINE CALMA,APR 13
A ‘decade-long’ Harry Potter series is coming to Max,https://www.theverge.com/2023/4/12/23680676/harry-potter-tv-series-announced-max-hbo-warner-bros,JAY PETERS,APR 12
Love & Translation is basically that Duolingo reality dating show minus the owl,https://www.theverge.com/23680607/love-translation-duolingo-tlc-max-hbo-reality-dating-show,ALEX CRANZ,APR 12
Gotham has a new king in Max’s first Penguin teaser,https://www.theverge.com/23680597/max-penguin-teaser,CHARLES PULLIAM-MOORE,APR 12
Warner Bros. Discovery explains why it’s dropping the HBO Max name,https://www.theverge.com/2023/4/12/23673475/warner-bros-discovery-max-new-name-hbo,JAY PETERS,APR 12
HBO and Discovery’s ‘Max’ streaming service is here,https://www.theverge.com/2023/4/12/23677909/hbo-discovery-combined-max-streaming-service-price-availability,EMMA ROTH,APR 12
The best laptops for video editing,https://www.theverge.com/23643460/best-video-editing-laptop,MONICA CHIN,APR 12
Xbox’s new energy-saving power options roll out this week,https://www.theverge.com/2023/4/12/23680336/xbox-energy-saving-power-options-launch-microsoft,EMMA ROTH,APR 12
Sanctuary’s new trailer is a twisted game of cat and mouse,https://www.theverge.com/23680061/sanctuary-trailer-release-date,ANDREW WEBSTER,APR 12
Redfall won’t have a 60fps mode on Xbox at launch,https://www.theverge.com/2023/4/12/23680358/redfall-xbox-no-60fps-performance-mode-launch,JAY PETERS,APR 12
NPR becomes first major news organization to leave Twitter,https://www.theverge.com/2023/4/12/23680394/npr-leaves-twitter-elon-musk-bbc-substack,ARIEL SHAPIRO,APR 12
The Continental’s first trailer takes the John Wick series to the ’70s,https://www.theverge.com/23680378/the-continental-teaser-trailer-john-wick-peacock,ANDREW WEBSTER,APR 12
China wants homegrown AI to reflect the core values of socialism,https://www.theverge.com/2023/4/12/23680027/china-generative-ai-regulations-promote-socialism-chatgpt-alibaba-baidu,JON PORTER,APR 12
Microsoft is changing the Print Screen key to open its Snipping Tool on Windows 11,https://www.theverge.com/2023/4/12/23680002/microsoft-print-screen-key-snipping-tool-windows-11,TOM WARREN,APR 12
WhatsApp now lets users shop and pay in app in Brazil,https://www.theverge.com/2023/4/12/23679982/whatsapp-brazil-merchant-payments-launched,JON PORTER,APR 12
OpenAI offers bug bounty for ChatGPT — but no rewards for jailbreaking its chatbot,https://www.theverge.com/2023/4/12/23679964/openai-bug-bounty-chatgpt-no-jailbreak,JAMES VINCENT,APR 12
iPhone 15 Pro could end up having physical rather than solid-state buttons after all,https://www.theverge.com/2023/4/12/23679954/iphone-15-pro-physical-buttons-not-capacitive,JON PORTER,APR 12
"It’s been 84 years, but Strava finally has a Spotify integration",https://www.theverge.com/2023/4/12/23679156/strava-spotify-integration-fitness-streaming,VICTORIA SONG,APR 12
The NYPD is bringing back its robot dog,https://www.theverge.com/2023/4/11/23679297/nypd-robot-dog-spot-surveillance-boston-dynamics,EMMA ROTH,APR 12
Connor Roy is the real heart of Succession,https://www.theverge.com/2023/4/11/23679320/succession-connor-roy-alan-ruck,ELIZABETH LOPATTO,APR 12
‘Baby Shark’ gets a podcast deal,https://www.theverge.com/2023/4/11/23679366/baby-shark-pinkfong-podcast-apple-nick-cannon-amp-bbc-twitter-musk,ARIEL SHAPIRO,APR 12
"The entire story of Elon Musk and Twitter, so far",https://www.theverge.com/2022/4/11/23019836/elon-musk-twitter-board-of-directors-news-updates,RICHARD LAWLER,APR 12
Lofi Girl’s new synthwave livestream features a new person — and their dog,https://www.theverge.com/2023/4/11/23679064/lofi-girl-new-synthwave-livestream-person-dog,JAY PETERS,APR 12
Sony is gearing up for a new cloud gaming push amid rumors of a PlayStation handheld,https://www.theverge.com/23677968/sony-cloud-gaming-playstation-now-jobs-patents,SEAN HOLLISTER,APR 11
Ikea’s virtual interior design service brings in a pro to pick out your new furniture,https://www.theverge.com/2023/4/11/23678610/ikea-interior-design-service-expansion,UMAR SHAKIR,APR 11
Twitter alternatives for the Musk-averse,https://www.theverge.com/23429095/twitter-social-network-alternatives-mastodon-reddit-tumblr-cohost,BARBARA KRASNOFF,APR 11
Ford’s Oakville plant in Canada will start making EVs in 2024,https://www.theverge.com/2023/4/11/23678871/fords-oakville-factory-canada-ev-transform,ANDREW J. HAWKINS,APR 11
"This pixelated outfit could be yours for $4,350",https://www.theverge.com/2023/4/11/23678711/loewe-pixelated-fashion-minecraft-paris-fashion-week-for-sale,MIA SATO,APR 11
Google TV’s live guide is getting crammed full of over 800 free channels,https://www.theverge.com/2023/4/11/23678160/google-tv-live-guide-fast-channels-tubi-plex-announced,CHRIS WELCH,APR 11
Jennifer Lopez is a reformed assassin in the trailer for The Mother,https://www.theverge.com/23678830/the-mother-netflix-jennifer-lopez-trailer,ALEX CRANZ,APR 11
"FTC cracks down on Amazon ‘review hijacking’ with $600,000 fine",https://www.theverge.com/2023/4/11/23678538/ftc-amazon-supplement-seller-fine-online-reviews,EMMA ROTH,APR 11
Google TV’s live guide is getting crammed full of over 800 free channels,https://www.theverge.com/2023/4/11/23678160/google-tv-live-guide-fast-channels-tubi-plex-announced,CHRIS WELCH,APR 11
Jennifer Lopez is a reformed assassin in the trailer for The Mother,https://www.theverge.com/23678830/the-mother-netflix-jennifer-lopez-trailer,ALEX CRANZ,APR 11
"FTC cracks down on Amazon ‘review hijacking’ with $600,000 fine",https://www.theverge.com/2023/4/11/23678538/ftc-amazon-supplement-seller-fine-online-reviews,EMMA ROTH,APR 11
Uber will fund an e-bike buy-back program to help combat battery fires,https://www.theverge.com/2023/4/11/23678679/uber-ebike-battery-fire-buy-back-nyc-delivery,ANDREW J. HAWKINS,APR 11
Substack launches its Twitter-like Notes just days after Twitter throttled Substack links,https://www.theverge.com/2023/4/11/23677946/substack-notes-twitter-throttled-blocked-links,JAY PETERS,APR 11
Support for PS4 game creation tool Dreams is ending in September,https://www.theverge.com/2023/4/11/23678609/dreams-live-support-ps4-media-molecule,ASH PARRISH,APR 11
AMD Ryzen 7 7800X3D: your next gaming CPU,https://www.theverge.com/2023/4/5/23668320/amd-ryzen-7-7800x3d-review-cpu-processor-benchmark-test,TOM WARREN,APR 11
Microsoft’s PC Game Pass launches in 40 new countries,https://www.theverge.com/2023/4/11/23678689/microsoft-pc-game-pass-40-new-countries-launch,TOM WARREN,APR 11
Talk to Me’s first trailer is a demonic dare,https://www.theverge.com/2023/4/11/23677217/talk-to-me-trailer-a24,ANDREW WEBSTER,APR 11
"After 100 games, indie collective Sokpop wants to make 100 more",https://www.theverge.com/23677044/sokpop-collective-100-indie-games-patreon,JAY CASTELLO,APR 11
Belkin’s 2-in-1 MagSafe charger has hit a new all-time low price,https://www.theverge.com/2023/4/11/23677081/belkin-boostcharge-pro-magsafe-samsung-galaxy-z-flip-4-hisense-tv-deal-sale,SHEENA VASANI,APR 11
"E3 is canceled, but Nintendo Live is coming to the US in September",https://www.theverge.com/2023/4/11/23678603/nintendo-live-2023-september-seattle,EMMA ROTH,APR 11
All the rumors about this year’s iPhone 15 lineup,https://www.theverge.com/23678497/apple-iphone-15-news-rumors-release-date-specs-features,JON PORTER,APR 11
The Marvels’ first trailer is a cosmic game of musical chairs,https://www.theverge.com/2023/4/11/23677904/the-marvels-trailer,CHARLES PULLIAM-MOORE,APR 11
The Fitbit-to-Google account migration will start this summer,https://www.theverge.com/2023/4/11/23677684/fitbit-google-account-login-migration,VICTORIA SONG,APR 11
"Finally, it’s easier to navigate national parks using Google Maps",https://www.theverge.com/2023/4/11/23677649/google-maps-national-parks-trail-directions,JUSTINE CALMA,APR 11
NFL Sunday Ticket on YouTube starts at $249 for the 2023 season,https://www.theverge.com/23677643/nfl-sunday-ticket-2023-youtube-price-tv,DAVID PIERCE,APR 11
The Steve Jobs Archive releases free ebook collecting Jobs’ speeches and photos,https://www.theverge.com/2023/4/11/23678526/steve-jobs-archive-lovefrom-make-something-wonderful-ebook-book-release,JESS WEATHERBED,APR 11
Is Microsoft getting ready to add PC games to Xbox Cloud Gaming?,https://www.theverge.com/2023/4/11/23678512/microsoft-xbox-cloud-gaming-pc-games-ee-partnership,TOM WARREN,APR 11
Android devices can now automatically archive little-used apps,https://www.theverge.com/2023/4/11/23678472/android-auto-app-archive-feature-release-storage,JESS WEATHERBED,APR 11
Mini’s cars are getting an ‘intelligent personal assistant’ named Spike,https://www.theverge.com/2023/4/11/23678471/spike-english-bulldog-mini-bmw-aceman-countryman-cooper-personal-assistant,JON PORTER,APR 11
Fortnite’s new update adds Attack on Titan gear,https://www.theverge.com/2023/4/11/23677443/fortnite-update-attack-on-titan-odm-gear,ANDREW WEBSTER,APR 11
Microsoft Teams now has Snapchat’s Lenses for video calls,https://www.theverge.com/2023/4/11/23678438/microsoft-teams-snapchat-lenses-feature,TOM WARREN,APR 11
"PC shipments fell sharply last quarter, with Apple among hardest hit",https://www.theverge.com/2023/4/11/23678441/pc-shipment-fall-covid-pandemic-work-from-home-supply-chains-economic-uncertainty,JON PORTER,APR 11
Beau Is Afraid is an exercise in laughing to keep from screaming,https://www.theverge.com/23671900/beau-is-afraid-review,CHARLES PULLIAM-MOORE,APR 11
Elon Musk tweets then deletes DMs from Matt Taibbi over his Substack snit,https://www.theverge.com/2023/4/10/23678105/elon-musk-substack-notes-battle-matt-taibbi,JAY PETERS,APR 11
Elon Musk says SpaceX’s Starship spacecraft is ready to launch soon,https://www.theverge.com/2023/4/10/23677525/spacex-starship-super-heavy-starbase-launch-ready,UMAR SHAKIR,APR 11
Here are the best noise-canceling headphone deals we could find,https://www.theverge.com/good-deals/22865895/noise-canceling-headphone-deals-apple-bose-microsoft-deal-sale,SHEENA VASANI,APR 11
Star Wars: The Bad Batch will return for a third and final season in 2024,https://www.theverge.com/2023/4/10/23677550/star-wars-bad-batch-third-final-season-2024-disney,EMMA ROTH,APR 11
"Florida Mayhem won the first Overwatch League pro-am tournament, but the amateurs were the bigger winners",https://www.theverge.com/2023/4/10/23677293/overwatch-league-pro-am-tournament-2023,ASH PARRISH,APR 11
"Bitcoin’s insatiable appetite for energy is driving up pollution and costs for Americans, report finds",https://www.theverge.com/2023/4/10/23677113/bitcoin-mine-investigation-energy-emissions-electricity-bills-new-york-times,JUSTINE CALMA,APR 11
The best wireless earbuds to buy right now,https://www.theverge.com/21309820/best-wireless-earbuds,CHRIS WELCH,APR 10
The end is nigh for gas-powered cars,https://www.theverge.com/2023/4/10/23677157/ev-rules-epa-emission-standards-biden-ice-gas-car-end,ANDREW J. HAWKINS,APR 10
Netflix is making a Stranger Things animated series,https://www.theverge.com/2023/4/10/23677445/stranger-things-animated-series-netflix,JAY PETERS,APR 10
YouTube is giving Premium subscribers higher-quality video than everyone else,https://www.theverge.com/2023/4/10/23677141/youtube-premium-subscribers-higher-quality-video-1080p,EMMA ROTH,APR 10
You can try The New York Times’ new math-based puzzle game right now,https://www.theverge.com/2023/4/10/23677232/new-york-times-digits-math-puzzle-game-nyt,JAY PETERS,APR 10
"Bing, Bard, and ChatGPT: AI chatbots are rewriting the internet",https://www.theverge.com/23610427/chatbots-chatgpt-new-bing-google-bard-conversational-ai,UMAR SHAKIR,APR 10
Tesla’s next Megapack battery storage factory will be in Shanghai,https://www.theverge.com/2023/4/10/23676930/teslas-megafactory-megapack-shanghai-china-announcement,UMAR SHAKIR,APR 10
Mario games on Nintendo Switch are $20 off to keep the movie hype going,https://www.theverge.com/2023/4/10/23676933/nintendo-switch-mario-games-bose-soundlink-flex-hori-split-pad-apple-deal-sale,ANTONIO G. DI BENEDETTO,APR 10
Hashtags are everything on Mastodon — why not give them a home?,https://www.theverge.com/23673125/mastodon-separate-tags-hashtag-navigation-accessibility,ADI ROBERTSON,APR 10
Google cuts off third-party smart displays as Assistant support dwindles,https://www.theverge.com/2023/4/10/23676959/google-third-party-assistant-smart-displays-updates-bard,EMMA ROTH,APR 10
The best Android phone to buy in 2023,https://www.theverge.com/23674658/best-android-phone,ALLISON JOHNSON,APR 10
Domino’s now lets you order pizza via Apple CarPlay,https://www.theverge.com/2023/4/10/23677003/dominos-apple-carplay-in-car-pizza-easy-order,UMAR SHAKIR,APR 10
A Texas court ruling just threatened abortion pill access nationwide,https://www.theverge.com/2023/4/10/23619174/texas-kacsmaryk-washington-abortion-pill-fda-approval-lawsuit-injunction,ADI ROBERTSON,APR 10
Google Pixel 7A leak reveals new blue color,https://www.theverge.com/2023/4/10/23676986/google-pixel-7a-leak-blue-color-features,CHRIS WELCH,APR 10
A better ChatGPT app: Poe wants to build the universal AI messaging client,https://www.theverge.com/23674656/poe-ai-chatbot-messaging-app,DAVID PIERCE,APR 10
Star Wars Celebration 2023: all the trailers and news,https://www.theverge.com/23672874/star-wars-celebration-2023-trailers-news,ANDREW WEBSTER,APR 10
Star Wars: Visions Volume 2’s first trailer is spectacular in every sense of the word,https://www.theverge.com/star-wars/2023/4/10/23676944/star-wars-visions-volume-2-trailer,CHARLES PULLIAM-MOORE,APR 10
The Steambox is an electric lunchbox looking for a problem to solve,https://www.theverge.com/23659598/steambox-electric-lunchbox-battery,MITCHELL CLARK,APR 10
Hatch Restore 2 review: TikTok made me try it,https://www.theverge.com/23673132/hatch-restore-2-review-tiktok-sleep-tech,VICTORIA SONG,APR 9
"Substack CEO pushes back at Elon Musk, says Twitter situation is ‘very frustrating’",https://www.theverge.com/2023/4/8/23675801/substack-ceo-pushes-back-at-elon-says-twitter-situation-is-very-frustrating,NILAY PATEL,APR 9
Organizing my pretty pile of garbage,https://www.theverge.com/23672998/organizing-scrapbooking-collaging-digital-archives-weekend-plans-offline,MIA SATO,APR 8
Here are the best Amazon Echo deals right now,https://www.theverge.com/21546591/best-amazon-echo-deals,BRANDON WIDDER AND SHEENA VASANI,APR 8
Have a Nice Death is a punishing roguelike with a dark sense of humor,https://www.theverge.com/23674638/have-a-nice-death-roguelike-nintendo-switch-hades-2,ASH PARRISH,APR 8
Apple’s latest AirPods Pro have hit their all-time low at Amazon,https://www.theverge.com/2023/4/8/23674577/apple-airpods-pro-ring-video-doorbell-pro-2-apple-ipad-amazon-kindle-deal-sale,SHEENA VASANI,APR 8
11 ways to power up your gaming on your PS5,https://www.theverge.com/23673999/ps5-how-to-manage-playstation-console,DAVID NIELD,APR 8
Dell XPS 13 review: Dell is coasting (and that’s fine),https://www.theverge.com/23674395/dell-xps-13-2022-intel-review,MONICA CHIN,APR 8
Are Amazon Sidewalk’s privacy protocols ready for the real world?,https://www.theverge.com/2023/4/8/23671594/amazon-sidewalk-privacy-echo-ring-smart-home,VICTORIA SONG,APR 8
Halo veteran Joseph Staten is leaving Microsoft,https://www.theverge.com/2023/4/7/23674958/joe-staten-halo-infinite-destiny-microsoft-bungie,JAY PETERS,APR 8
Twitter is now marking Substack links as unsafe,https://www.theverge.com/2023/4/7/23674936/twitter-marking-substack-links-unsafe,MITCHELL CLARK AND JAY PETERS,APR 8
Microsoft locks down game emulation on the Xbox Series X and Series S,https://www.theverge.com/2023/4/7/23674707/microsoft-xbox-emulators-ban-nintendo,EMMA ROTH,APR 8
Microsoft’s rolling out Edge’s AI image generator to everyone,https://www.theverge.com/2023/4/6/23672862/microsoft-image-creator-edge-sidebar-dall-e-ai-generator,MITCHELL CLARK,APR 8
Rivian’s new ‘Performance’ powertrain lets R1T reservation holders keep their big battery,https://www.theverge.com/2023/4/7/23673961/rivian-performance-dual-motor-availability-max-pack-battery,UMAR SHAKIR,APR 8
One of Elon’s handpicked ‘Twitter Files’ writers quits Twitter over its Substack restrictions,https://www.theverge.com/2023/4/7/23674705/twitter-files-elon-musk-substack-matt-taibbi,MITCHELL CLARK,APR 8
"Western Digital’s My Cloud is still down, but there’s a workaround",https://www.theverge.com/2023/4/7/23674621/western-digital-my-cloud-data-breach-local-access,MONICA CHIN,APR 8
Substack writers say Twitter’s newsletter ban is bad for business — and worse for Twitter,https://www.theverge.com/2023/4/7/23674427/substack-twitter-writers-founders-mad-restrictions-elon-musk,JAY PETERS AND EMMA ROTH,APR 8
"Microsoft sold software to sanctioned Russian companies, says US government",https://www.theverge.com/2023/4/7/23674335/microsoft-sanctions-violations-treasury-fees-russia,MITCHELL CLARK,APR 8
How one Twitter account disappeared for a week — and why nobody knew how to fix it,https://www.theverge.com/2023/4/7/23674332/twitter-locked-account-age-screening-sbnation,DAVID PIERCE,APR 7
"Someone keeps accusing fanfiction authors of writing their fic with AI, and nobody knows why",https://www.theverge.com/2023/4/7/23674123/ao3-fanfic-spam-comments-ai-writing,ADI ROBERTSON,APR 7
Fortnite and Roblox are dueling for the future of user-built games,https://www.theverge.com/23674121/fortnite-roblox-user-generated-games,ARON GARST,APR 7
Now everyone claims Microsoft will build a data center on the Foxconn land in Wisconsin,https://www.theverge.com/2023/4/7/23673464/microsoft-data-center-foxconn-wisconsin,JOSH DZIEZA AND NILAY PATEL,APR 7
Substack founders fire back at Twitter over restrictions and rules that ‘change on a whim’,https://www.theverge.com/2023/4/7/23674185/substack-twitter-retweet-like-disabled-block,JAY PETERS AND EMMA ROTH,APR 7
The stainless steel Apple Watch Series 7 is down to its lowest price yet,https://www.theverge.com/2023/4/7/23673054/apple-watch-series-7-logitech-mx-keyboard-fujifilm-instax-printer-deal-sale,ANTONIO G. DI BENEDETTO,APR 7
Google will shut down Dropcam and Nest Secure in 2024,https://www.theverge.com/2023/4/7/23673165/google-nest-dropcam-nest-secure-eol,NATHAN EDWARDS,APR 7
Substack had negative revenue,https://www.theverge.com/2023/4/7/23674178/substack-burn-2021-numbers-bad,ELIZABETH LOPATTO,APR 7
Sony tells regulators Microsoft could sabotage its ability to win Digital Foundry comparisons,https://www.theverge.com/2023/4/7/23673933/sony-cma-antitrust-regulators-microsoft-activision-call-of-duty-playstation,EMMA ROTH,APR 7
"Twitter now disables likes, replies, and retweets if a tweet has Substack links",https://www.theverge.com/2023/4/6/23673043/twitter-substack-embeds-bots-tools-api,MITCHELL CLARK,APR 7
NASA’s powerful new air quality monitor has launched into space,https://www.theverge.com/2023/4/7/23673162/nasa-air-quality-monitor-satellite-launch-tempo,JUSTINE CALMA,APR 7
The sudden death and rebirth of Tweetbot,https://www.theverge.com/23653556/tweetbot-twitter-api-elon-musk-mastodon,ROB DUBBIN,APR 7
Three new Star Wars movies are on the way,https://www.theverge.com/23673917/star-wars-new-movies-lucasfilm-actors-directors,CHARLES PULLIAM-MOORE,APR 7
Star Wars: Ahsoka starts streaming in August 2023,https://www.theverge.com/2023/4/7/23673907/star-wars-ahsoka-disney-plus-trailer-streaming-date-august-2023,ANDREW WEBSTER,APR 7
Star Wars spinoff The Acolyte hits Disney Plus in 2024,https://www.theverge.com/2023/4/7/23673893/star-wars-the-acolyte-disney-plus-2024,ANDREW WEBSTER,APR 7
Samsung’s having a terrible financial year,https://www.theverge.com/2023/4/7/23673851/samsung,THOMAS RICKER,APR 7
Google is rolling out WebGPU tech for next-gen gaming in your browser,https://www.theverge.com/2023/4/6/23673462/google-webgpu-chrome-113-api-machine-learning,MITCHELL CLARK,APR 7
Apple’s first retail store in India is opening soon,https://www.theverge.com/2023/4/6/23673372/apple-india-retail-store-mumbai-bkc,JAY PETERS,APR 7
"Amazon is discounting Kindles, speakers, and more during its spring sales event",https://www.theverge.com/2023/4/6/23671956/amazon-kindle-paperwhite-fire-tv-stick-4k-max-echo-dot-fifth-gen-spring-sale-deal,SHEENA VASANI,APR 7
Walmart’s preparing to build its own coast-to-coast EV charging network,https://www.theverge.com/2023/4/6/23672763/walmart-electric-vehicle-stations-nationwide-ev-charging-network,UMAR SHAKIR,APR 7
"Amazon is discounting Kindles, speakers, and more during its spring sales event",https://www.theverge.com/2023/4/6/23671956/amazon-kindle-paperwhite-fire-tv-stick-4k-max-echo-dot-fifth-gen-spring-sale-deal,SHEENA VASANI,APR 7
Walmart’s preparing to build its own coast-to-coast EV charging network,https://www.theverge.com/2023/4/6/23672763/walmart-electric-vehicle-stations-nationwide-ev-charging-network,UMAR SHAKIR,APR 7
Why this new plant is capturing carbon dioxide just to let it back out again,https://www.theverge.com/2023/4/6/23669582/american-climate-tech-company-colorado-global-thermostat-direct-air-capture,JUSTINE CALMA,APR 7
Here are the best Apple Watch deals right now,https://www.theverge.com/21289209/best-apple-watch-deals,BRANDON WIDDER AND CAMERON FAULKNER,APR 7
Twitter is on the attack against Substack,https://www.theverge.com/2023/4/6/23673067/twitter-api-shutdown-bots-botpocalypse-begins,JAY PETERS,APR 7
Is it just me or is the Treasury Department firing warning shots at DeFi?,https://www.theverge.com/2023/4/6/23672991/defi-treasury-report-money-laundering,ELIZABETH LOPATTO,APR 7
Tesla employees reportedly passed around personal videos from owners’ cars,https://www.theverge.com/2023/4/6/23672760/tesla-employees-share-vehicle-recordings-privacy,EMMA ROTH,APR 7
Disney creates new executive role to oversee everything about its brand,https://www.theverge.com/2023/4/6/23672848/disney-chief-brand-officer-asad-ayaz,JAY PETERS,APR 6
Overwatch 2 season 4 trailer got me right in the feels,https://www.theverge.com/2023/4/6/23672782/overwatch-2-season-four-trailer-liveweaver-pride-event,ASH PARRISH,APR 6
"A classic keyboard returns as the hot-swappable, wireless WhiteFox Eclipse",https://www.theverge.com/2023/4/6/23672354/whitefox-eclipse-wireless-mechanical-keyboard-kickstarter,JON PORTER,APR 6
Here are some must-have accessories for your Nintendo Switch,https://www.theverge.com/22912942/best-nintendo-switch-controllers-cases-chargers-headsets-accessories,"ALICE NEWCOME-BEILL, JAY PETERS",1 MORE
Meta adds 14 free games you can play over video calls inside Messenger,https://www.theverge.com/2023/4/6/23672441/meta-facebook-games-messenger-video-calls,UMAR SHAKIR,APR 6
T-Mobile will provide free MLB.TV to customers through 2028,https://www.theverge.com/2023/4/6/23672572/t-mobile-mlb-tv-free-2028,EMMA ROTH,APR 6
"Microsoft’s Windows 365 Cloud PCs get more flexible, LG TV integration, and more",https://www.theverge.com/2023/4/6/23672363/microsoft-windows-365-frontline-lg-tv-integration-features,TOM WARREN,APR 6
Discord is launching an in-app soundboard,https://www.theverge.com/2023/4/6/23672001/discord-soundboard-nitro-super-emoji-reactions-themes-avatar-decorations,JAY PETERS,APR 6
The first big Wild Hearts update is beautiful and deadly,https://www.theverge.com/23671365/wild-hearts-spring-update-murakumo,ANDREW WEBSTER,APR 6
Meta’s layoffs are reportedly ‘gutting’ its new customer service teams,https://www.theverge.com/2023/4/6/23672420/meta-layoffs-customer-support-facebook-instagram,EMMA ROTH,APR 6
Apple’s M2 Mac Mini with expanded 512GB storage is $110 off,https://www.theverge.com/2023/4/6/23671495/apple-m2-mac-mini-ipad-pro-adata-ps5-ssd-anker-deal-sale,ANTONIO G. DI BENEDETTO,APR 6
Today is the last day to order a Playdate before its $20 price increase,https://www.theverge.com/2023/4/6/23671090/playdate-handheld-price-increase-last-chance-preorder-deal-sale,ANTONIO G. DI BENEDETTO,APR 6
Your laptop’s microphone might sound better than you think,https://www.theverge.com/23671137/best-laptop-microphone-test-vergecast,ANDREW MARINO,APR 6
Lyft expands its EV and hybrid booking option to 14 more US markets,https://www.theverge.com/2023/4/6/23672392/lyft-green-mode-electric-hybrid-expansion-cities-usa,JON PORTER,APR 6
Amazon’s company culture may be hurting its streaming business,https://www.theverge.com/2023/4/6/23668850/amazon-prime-video-streaming-company-culture,EMMA ROTH,APR 6
Counter-Strike 2 is getting Nvidia’s latency-reducing Reflex tech,https://www.theverge.com/2023/4/6/23672408/counter-strike-2-nvidia-reflex-feature,TOM WARREN,APR 6
Motorola’s big-battery budget phone gets 5G and a price hike,https://www.theverge.com/2023/4/6/23671471/motorola-moto-g-power-5g-screen-battery-price-specs,ALLISON JOHNSON,APR 6
The poop emoji: a legal history,https://www.theverge.com/23650699/poop-emoji-law-judges-unicode,SARAH JEONG,APR 6
OneNote is getting Microsoft’s new AI Copilot to help you write your notes,https://www.theverge.com/2023/4/6/23672357/microsoft-onenote-copilot-ai-feature,TOM WARREN,APR 6
Microsoft brings its Bing chatbot to your fingertips with SwiftKey on Android,https://www.theverge.com/2023/4/6/23672351/microsoft-swiftkey-bing-chat-ai-feature-android,TOM WARREN,APR 6
The ‘world’s strongest water gun’ is back and wetter than ever,https://www.theverge.com/2023/4/5/23672037/syprathree-spyra-water-guns-powerful,MITCHELL CLARK,APR 6
Microsoft Edge launches Workspaces test that lets you share browser tabs,https://www.theverge.com/2023/4/5/23671661/microsoft-edge-workspaces-test-browser-tabs-share,EMMA ROTH,APR 6
Apple might be getting into VR at the worst possible time,https://www.theverge.com/2023/4/5/23671673/apple-vr-ar-mixed-reality-headset-worst-possible-time,JAY PETERS,APR 6
Operation Cookie Monster shuts off hacker marketplace selling millions of stolen accounts,https://www.theverge.com/2023/4/5/23671412/genesis-marketplace-two-factor-passwords-how-to,MITCHELL CLARK,APR 6
Kratos bears it all in God of War Ragnarök’s New Game Plus mode,https://www.theverge.com/2023/4/5/23671483/god-of-war-ragnarok-new-game-plus-playstation,ASH PARRISH,APR 6
Street Fighter is the latest game franchise to be turned into a new live-action movie,https://www.theverge.com/2023/4/5/23671549/street-fighter-live-action-movie-legendary-entertainment,JAY PETERS,APR 6
HBO Max’s Clone High teaser reminds us that everything that’s old is new again,https://www.theverge.com/2023/4/5/23671434/hbo-max-clone-high-revival-teaser-trailer,CHARLES PULLIAM-MOORE,APR 5
Diablo IV’s endgame looks expansive (and a bit confusing),https://www.theverge.com/2023/4/5/23671074/diablo-4-endgame-level-cap-nightmare-dungeons,ASH PARRISH,APR 5
Google is trying to make sure apps let you delete your account,https://www.theverge.com/2023/4/5/23670486/google-play-store-apps-account-data-deletion-requirement,MITCHELL CLARK,APR 5
The former chief of Google’s now-shuttered Stadia service reportedly left the company,https://www.theverge.com/2023/4/5/23671229/google-stadia-phil-harrison-left,JAY PETERS,APR 5
Here are the best AirPods deals you can get right now,https://www.theverge.com/21302051/best-apple-airpods-deals,SHEENA VASANI,APR 5
Jeep is doubling down on plug-in hybrids with the 2024 Wrangler 4xe,https://www.theverge.com/2023/4/5/23669768/jeep-wrangler-4xe-plug-in-hybrid-2024-photos-specs,ANDREW J. HAWKINS,APR 5
This electric snot sucker is my new favorite gadget,https://www.theverge.com/23670286/electric-baby-snot-sucker-nose-frida,ALLISON JOHNSON,APR 5
Resident Evil 4 remake updates its Spanish — but not everyone will see it,https://www.theverge.com/2023/4/5/23671089/resident-evil-4-remake-spanish-language-subtitles,DIEGO NICOLÁS ARGÜELLO,APR 5
"Substack is getting tweets — err, ‘Notes’",https://www.theverge.com/2023/4/5/23670452/substack-notes-tweets-posts-twitter,JAY PETERS,APR 5
Startup founder accused of tricking JPMorgan charged with $175 million fraud,https://www.theverge.com/2023/4/5/23671000/jpmorgan-frank-fraud-fintech-startup-ceo-javice-charged-student-financial-aid,EMMA ROTH,APR 5
Here are the best iPad deals right now,https://www.theverge.com/21280354/best-ipad-deals-apple,ANTONIO G. DI BENEDETTO,APR 5
Ram 1500 REV swings for the fences with an estimated 500 miles of range,https://www.theverge.com/2023/4/5/23668469/ram-1500-rev-truck-range-tow-photos-specs,ANDREW J. HAWKINS,APR 5
My beautiful life with too many remotes,https://www.theverge.com/23653632/remotes-buttons-touchscreen-interface-design,EVE PEYSER,APR 5
Lego’s X-Wing Starfighter gets a refresh in time for Star Wars Day,https://www.theverge.com/2023/4/5/23670068/lego-latest-x-wing-starfighter-star-wars-day-price,EMMA ROTH,APR 5
Vizio’s Atmos-ready M-Series 5.1.2 soundbar is on sale for $100 off,https://www.theverge.com/2023/4/5/23669551/vizio-soundbar-kindle-paperwhite-samsung-galaxy-watch-4-deal-sale,SHEENA VASANI,APR 5
I really missed Advance Wars,https://www.theverge.com/23670597/advance-wars-1-2-reboot-camp-nintendo-switch-preview,ANDREW WEBSTER,APR 5
Metaverse Fashion Week had big brands but few people,https://www.theverge.com/23668846/decentraland-metaverse-fashion-week-2023,JAY PETERS,APR 5
Could a new PlayStation handheld be built for Remote Play? I like the idea,https://www.theverge.com/2023/4/5/23670943/streaming-playstation-handheld-rumor-vita-remote-play,JON PORTER,APR 5
Microsoft is making it easier to block annoying autoplay videos in Edge,https://www.theverge.com/2023/4/5/23670931/microsoft-edge-block-autoplay-videos,TOM WARREN,APR 5
Kobo’s all-you-can-read subscription coming to the US could challenge Amazon,https://www.theverge.com/2023/4/5/23669736/kobo-plus-unlimited-ebook-audiobook-us-launch-kindle-unlimited,MITCHELL CLARK,APR 5
"Kobo launches the Kobo Elipsa 2E, a huge e-reader you can also write on",https://www.theverge.com/2023/4/5/23669572/kobo-elipsa-2e-e-reader-tablet-kindle-scribe-onyx-remarkable,SHEENA VASANI,APR 5
Spotify shows how the live audio boom has gone bust,https://www.theverge.com/2023/4/4/23670193/spotify-live-shut-down-obamas-audible-amazon-jay-shetty-iheart,ARIEL SHAPIRO,APR 5
Apple’s Weather app on iPhone was down this morning,https://www.theverge.com/2023/4/4/23669405/apple-weather-app-down-iphone-issues-problems,TOM WARREN,APR 5
More patches are rolling out for The Last Of Us’ infected PC port,https://www.theverge.com/2023/4/4/23670042/last-of-us-part-1-pc-port-hotfixes-nvidia-steam-deck,MITCHELL CLARK,APR 5
Asus announced its handheld gaming PC in the worst way possible,https://www.theverge.com/2023/4/4/23669875/asus-rog-ally-handheld-gaming-pc-announcement,JAY PETERS,APR 5
Here are the best Kindle deals right now,https://www.theverge.com/21539047/best-amazon-kindle-deals,BRANDON WIDDER AND CAMERON FAULKNER,APR 5
The Super Mario Bros. Movie is the new gold standard for video game films,https://www.theverge.com/23669598/super-mario-bros-movie-review,CHARLES PULLIAM-MOORE,APR 5
Call of Duty is the latest to detect and ban XIM cheaters,https://www.theverge.com/2023/4/4/23669939/call-of-duty-warzone-xim-ban-suspension-warning,TOM WARREN,APR 4
These alcohol counseling companies leaked patient data to advertisers for years,https://www.theverge.com/2023/4/4/23669704/alcohol-counseling-patient-data-leak-monument-tempest,EMMA ROTH,APR 4
Overwatch 2’s new hero Lifeweaver puts down roots in season 4,https://www.theverge.com/2023/4/4/23669682/overwatch-2-new-hero-lifeweaver,ASH PARRISH,APR 4
Bob Ross spoof Paint is an SNL sketch stretched out far too long,https://www.theverge.com/23669394/paint-review-bob-ross-owen-wilson,ANDREW WEBSTER,APR 4
The best deals on 4K TVs,https://www.theverge.com/22371561/best-4k-tv-deals-sale-lg-samsung-sony-tcl,ANTONIO G. DI BENEDETTO AND CAMERON FAULKNER,APR 4
The Apple Watch SE and Beats Fit Pro have dropped to their best prices to date,https://www.theverge.com/2023/4/4/23668345/apple-watch-se-amazon-echo-dot-fifth-gen-beats-fit-pro-earbuds-deal-sale,BRANDON WIDDER,APR 4
Say hi to Barbie in the new Barbie movie trailer,https://www.theverge.com/2023/4/4/23669743/barbie-movie-trailer-teaser-2,ANDREW WEBSTER,APR 4
Here are the best Kindle deals right now,https://www.theverge.com/21539047/best-amazon-kindle-deals,BRANDON WIDDER AND CAMERON FAULKNER,APR 5
The Super Mario Bros. Movie is the new gold standard for video game films,https://www.theverge.com/23669598/super-mario-bros-movie-review,CHARLES PULLIAM-MOORE,APR 5
Call of Duty is the latest to detect and ban XIM cheaters,https://www.theverge.com/2023/4/4/23669939/call-of-duty-warzone-xim-ban-suspension-warning,TOM WARREN,APR 4
These alcohol counseling companies leaked patient data to advertisers for years,https://www.theverge.com/2023/4/4/23669704/alcohol-counseling-patient-data-leak-monument-tempest,EMMA ROTH,APR 4
Overwatch 2’s new hero Lifeweaver puts down roots in season 4,https://www.theverge.com/2023/4/4/23669682/overwatch-2-new-hero-lifeweaver,ASH PARRISH,APR 4
Bob Ross spoof Paint is an SNL sketch stretched out far too long,https://www.theverge.com/23669394/paint-review-bob-ross-owen-wilson,ANDREW WEBSTER,APR 4
The best deals on 4K TVs,https://www.theverge.com/22371561/best-4k-tv-deals-sale-lg-samsung-sony-tcl,ANTONIO G. DI BENEDETTO AND CAMERON FAULKNER,APR 4
The Apple Watch SE and Beats Fit Pro have dropped to their best prices to date,https://www.theverge.com/2023/4/4/23668345/apple-watch-se-amazon-echo-dot-fifth-gen-beats-fit-pro-earbuds-deal-sale,BRANDON WIDDER,APR 4
Say hi to Barbie in the new Barbie movie trailer,https://www.theverge.com/2023/4/4/23669743/barbie-movie-trailer-teaser-2,ANDREW WEBSTER,APR 4
Pokémon Stadium is coming to Nintendo Switch Online next week — but with a catch,https://www.theverge.com/2023/4/4/23669641/pokemon-stadium-n64-nintendo-switch-online-release-date,JAY PETERS,APR 4
"GM-owned BrightDrop to add 4,000 electric vans to Ryder’s fleets",https://www.theverge.com/2023/4/4/23669542/gm-brightdrop-ryder-customer-electric-vans,EMMA ROTH,APR 4
Microsoft announces $299.99 Surface Thunderbolt 4 Dock that connects via USB-C,https://www.theverge.com/2023/4/4/23669668/microsoft-surface-thunderbolt-4-dock-specs-pricing-features,TOM WARREN,APR 4
The live-action Super Mario Bros. movie is even weirder than I remembered,https://www.theverge.com/23668181/super-mario-bros-movie-live-action-revisited,ANDREW WEBSTER,APR 4
Disney is in a land war with the state of Florida,https://www.theverge.com/2023/4/4/23669557/disney-florida-ron-desantis-investigation-campaign-election,MAKENA KELLY,APR 4
Everybody hates GM’s decision to kill Apple CarPlay and Android Auto for its EVs,https://www.theverge.com/2023/4/4/23669523/gm-apple-carplay-android-auto-ev-restrict-access,PATRICK GEORGE,APR 4
This AI clock uses ChatGPT to generate tiny poems that tell the time,https://www.theverge.com/23669343/ai-clock-chatgpt-poems-rhymes-diy-project,JAMES VINCENT,APR 4
"Peloton machines now work with Samsung’s Wear OS smartwatches, too",https://www.theverge.com/2023/4/4/23668616/peloton-samsung-galaxy-watch-5-wear-os-3,VICTORIA SONG,APR 4
Walmart’s redesigned website looks better than Amazon,https://www.theverge.com/2023/4/4/23669383/walmart-website-redesign-amazon,EMMA ROTH,APR 4
OnePlus’ new Nord includes a 108-megapixel camera and 67W fast charging,https://www.theverge.com/2023/4/4/23668332/oneplus-nord-ce-3-lite-fast-charging-camera-buds-2-price-date,JON PORTER,APR 4
The hellish design of the Crusader Kings video games,https://www.theverge.com/games/23653870/crusader-kings-3-design-ui,GITA JACKSON,APR 4
The revenge of the pop-up,https://www.theverge.com/tech/23653544/pop-up-website-ad-ui-design,S.E. SMITH,APR 4
Harry Potter could be rebooted for the small screen,https://www.theverge.com/2023/4/4/23669353/harry-potter-hbo-warner-bros-discovery-tv-show-reboot,JON PORTER,APR 4
Motorola is getting serious with the Edge 40 Pro,https://www.theverge.com/2023/4/4/23668770/motorola-edge-40-pro-specs-screen-battery-camera-price,ALLISON JOHNSON,APR 4
Google Flights’ price guarantee could pay you back if your tickets get cheaper,https://www.theverge.com/2023/4/3/23668308/google-flights-price-guarantee-ticket-price-change,MITCHELL CLARK,APR 4
Which devices work with Matter and what's coming soon,https://www.theverge.com/23568091/matter-compatible-devices-accessories-apple-amazon-google-samsung,JENNIFER PATTISON TUOHY,APR 4
Activision settles with Justice Department for limiting esports players’ salaries,https://www.theverge.com/2023/4/3/23668568/activision-blizzard-doj-antitrust-suit-overwatch-league,ASH PARRISH,APR 4
Spotify shuts down its Clubhouse competitor,https://www.theverge.com/2023/4/3/23668533/spotify-live-clubhouse-competitor-shutdown,EMMA ROTH,APR 4
Sony is adding more accessibility information to games on the PlayStation Store,https://www.theverge.com/2023/4/3/23668538/sony-playstation-store-accessibility-tags-ps5,JAY PETERS,APR 4
Disney is already remaking Moana as a live-action film,https://www.theverge.com/2023/4/3/23668430/disney-moana-live-action-remake-dwayne-johnson,JAY PETERS,APR 3
YouTube will live stream six Coachella feeds at once this year,https://www.theverge.com/2023/4/3/23668306/youtube-coachella-live-stream-six-feeds,JAY PETERS,APR 3
Netflix’s Kill Boksoon is a progressive but head-scratching thriller,https://www.theverge.com/23668060/kill-boksoon-review-netflix,SARA MERICAN,APR 3
The Steve Jobs Archive is releasing a free ebook,https://www.theverge.com/2023/4/3/23668140/steve-jobs-archive-make-something-wonderful-ebook-digital-book,JAY PETERS,APR 3
Microsoft Teams now has a green screen feature to make virtual backgrounds better,https://www.theverge.com/2023/4/3/23668236/microsoft-teams-green-screen-feature-virtual-backgrounds,TOM WARREN,APR 3
FIFA’s post-EA future starts with this AI-powered mobile game,https://www.theverge.com/2023/4/3/23667887/fifa-ai-league-mobile-game,ANDREW WEBSTER,APR 3
The Blue Beetle busts out a Buster Sword in first trailer,https://www.theverge.com/23668090/blue-beetle-trailer-dc-first-look,ASH PARRISH,APR 3
The latest iPad Air is once again $100 off — the best value among all iPads,https://www.theverge.com/2023/4/3/23667819/ipad-air-amazon-fire-stick-echo-show-10-call-of-duty-deal-sale,ANTONIO G. DI BENEDETTO,APR 3
Chemicals banned from air conditioners and refrigerators are making a comeback — and scientists don’t know why,https://www.theverge.com/2023/4/3/23665293/cfcs-air-conditioning-refrigerants-ozone-depleting-chemicals-surprise-comeback,JUSTINE CALMA,APR 3
AI is entering an era of corporate control,https://www.theverge.com/23667752/ai-progress-2023-report-stanford-corporate-control,JAMES VINCENT,APR 3
"Opulent, joyous, decadent: the Japanese decoden trend comes to America",https://www.theverge.com/creators/23650385/smartphone-case-iphone-decoden-custom,MIA SATO,APR 3
Apple’s Tim Cook says AR and VR are for ‘connection’ and ‘communication’,https://www.theverge.com/23667912/tim-cook-apple-ar-vr-interview-gq,DAVID PIERCE,APR 3
WWE and UFC are merging into a sports entertainment behemoth,https://www.theverge.com/2023/4/3/23667880/wwe-ufc-merger-endeavor-acquisition,CHRIS WELCH,APR 3
Nintendo will repair faulty Joy-Cons for free in more parts of Europe,https://www.theverge.com/2023/4/3/23667841/nintendo-switch-joy-con-repair-free-europe-stick-drift,EMMA ROTH,APR 3
Microsoft Flight Simulator tricked me into getting a pilot’s license,https://www.theverge.com/23653862/msfs-home-flight-simulator-pilot,DANIEL OBERHAUS,APR 3
The rest of the auto industry still loves CarPlay and Android Auto,https://www.theverge.com/2023/4/3/23667793/gm-carplay-android-auto-ford-volvo-honda-response,ANDREW J. HAWKINS,APR 3
Tesla announces record deliveries following price cuts,https://www.theverge.com/2023/4/3/23667783/tesla-q1-2023-vehicle-production-deliveries,JON PORTER,APR 3
Google’s Nearby Share arrives on Windows to let you transfer files between PC and Android,https://www.theverge.com/2023/4/3/23667778/google-nearby-share-windows-app-beta-android-feature,TOM WARREN,APR 3
The Tor Project’s new privacy-focused browser doesn’t use the Tor network,https://www.theverge.com/2023/4/3/23665477/mullvad-browser-tor-vpn-privacy-browser,MITCHELL CLARK,APR 3
Twitter had a very messy weekend,https://www.theverge.com/2023/4/3/23667751/twitter-legacy-blue-checkmark-wind-down-chaos,JON PORTER,APR 3
Secret Invasion’s latest trailer is a prelude to Marvel’s next big war,https://www.theverge.com/2023/4/2/23667453/secret-invasion-mcu-disney-plus-trailer-premiere-date,CHARLES PULLIAM-MOORE,APR 3
Huawei’s latest watch is a jab at the Apple Watch Ultra,https://www.theverge.com/2023/4/2/23664629/huawei-watch-ultimate-price-apple-ultra-smartwatches,VICTORIA SONG,APR 3
Why can’t more music apps be like Apple Music Classical?,https://www.theverge.com/2023/4/2/23659934/apple-music-classical-metadata-is-good,ALEX CRANZ,APR 2
The Home Assistant SkyConnect is a great excuse to demolish your smart home and start from scratch,https://www.theverge.com/23641940/home-assistant-skyconnect-thread-matter-zigbee-smart-home,CHRIS PERSON,APR 2
Cheaper Xbox expandable storage cards are on the way,https://www.theverge.com/2023/4/2/23666795/western-digital-xbox-storage-expansion-card,TOM WARREN,APR 2
"Framework’s computers aren’t perfect, but they are exciting",https://www.theverge.com/23664746/framework-laptop-excitement-vpr-matrix-history-nostalgia,DAN SEIFERT,APR 2
Super73 launches Adventure Series and first e-bike for danger babies,https://www.theverge.com/2023/4/2/23662863/super73-adventure-e-bikes-k1d-kids-price-specs,THOMAS RICKER,APR 2
The newest iPad Mini and Google’s Pixel 6A top our favorite deals of the week,https://www.theverge.com/good-deals/2023/4/1/23665082/google-pixel-6a-sony-wf-1000xm4-earbuds-amazon-echo-ipad-mini-deal-sale,BRANDON WIDDER AND ANTONIO G. DI BENEDETTO,APR 1
"When healthcare is decided by algorithms, who wins?",https://www.theverge.com/23664533/medicare-advantage-healthcare-algorithm,BARBARA KRASNOFF,APR 1
Riot made its esports arena transform for new Valorant league,https://www.theverge.com/2023/4/1/23662992/riot-games-arena-valorant-esports-league,ANDREW WEBSTER,APR 1
How to change the region on an HP OfficeJet printer in 57 easy steps (printer companies hate this!),https://www.theverge.com/23648726/hp-officejet-printer-region-how-to-change-why,NATHAN EDWARDS,APR 1
Amazon just opened up its Sidewalk network for anyone to build connected gadgets on,https://www.theverge.com/2023/3/28/23659191/amazon-sidewalk-network-coverage,JENNIFER PATTISON TUOHY,APR 1
Quick fixes: When Disney Plus is so dark you can barely see anything,https://www.theverge.com/2023/3/31/23522169/how-to-fix-disney-plus-brightness-dark-hdr-dolby-vision,SEAN HOLLISTER,APR 1
This hoverboard is being recalled after a fire that killed two children,https://www.theverge.com/2023/3/31/23665249/hoverboard-recall-jetson-rogue-cspc-recall-fire-risk,JAY PETERS,APR 1
Marvel’s Secret Invasion series actually sounds kind of fascinating,https://www.theverge.com/2023/3/31/23665128/marvel-secret-invasion-disney-plus-skrulls,CHARLES PULLIAM-MOORE,APR 1
"Twitter’s $1,000 checkmark will be free for the 10,000 most-followed companies",https://www.theverge.com/2023/3/31/23664923/twitter-verification-for-organizations-free-for-most-followed,MITCHELL CLARK,APR 1
"The Murder of Sonic the Hedgehog is a new, real, and free game you can play right now",https://www.theverge.com/2023/3/31/23665215/sonic-the-hedgehog-murder-mystery-game-free-steam,ANTONIO G. DI BENEDETTO,APR 1
This is what a plant sounds like when it’s stressed,https://www.theverge.com/2023/3/31/23664767/plant-sounds-stress-tomato-tobacco-research,JUSTINE CALMA,APR 1
The ‘Truckla’ DIY Tesla pickup truck is still trucking,https://www.theverge.com/2023/3/31/23664748/truckla-tesla-model-3-pickup-truck-update-simone-giertz-video,UMAR SHAKIR,APR 1
"Twitter takes its algorithm ‘open-source,’ as Elon Musk promised",https://www.theverge.com/2023/3/31/23664849/twitter-releases-algorithm-musk-open-source,MITCHELL CLARK,APR 1
GM is cutting off access to Apple CarPlay and Android Auto for its future EVs,https://www.theverge.com/2023/3/31/23664814/gm-ev-restrict-apple-carplay-android-auto-google,ANDREW J. HAWKINS,MAR 31
Google CEO Sundar Pichai promises Bard AI chatbot upgrades soon: ‘We clearly have more capable models’,https://www.theverge.com/2023/3/31/23664426/google-bard-ai-chatbot-upgrades-coming-soon-sundar-pichai,JAMES VINCENT,MAR 31
E3 isn’t coming back,https://www.theverge.com/2023/3/30/23664044/e3-cancelled-isnt-coming-back,JAY PETERS,MAR 31
"Block knows you have questions, and it doesn’t have good answers",https://www.theverge.com/2023/3/30/23663997/block-hindenburg-fraud-statement,ELIZABETH LOPATTO,MAR 31
"E3 might be gone, but this summer still has some big gaming events to watch",https://www.theverge.com/23663889/e3-summer-gaming-events-2023-game-fest-xbox-starfield-ubisoft,JAY PETERS,MAR 31
"I never went to E3, but I’ll miss it anyways",https://www.theverge.com/2023/3/30/23663862/e3-2023-cancelled-esa-reedpop,ASH PARRISH,MAR 31
The F-150 Lightning now starts at $20K more than when it was announced,https://www.theverge.com/2023/3/30/23663618/ford-f-150-lightning-price-hike-original-price,MITCHELL CLARK,MAR 31
Carbon capture will probably make electricity more expensive,https://www.theverge.com/2023/3/30/23663202/carbon-capture-electricity-gas-coal-power-plants-climate-change,JUSTINE CALMA,MAR 31
E3 2023 has been canceled,https://www.theverge.com/2023/3/30/23660456/e3-2023-canceled,JAY PETERS AND ASH PARRISH,MAR 31
"Google announces AI features in Gmail, Docs, and more to rival Microsoft",https://www.theverge.com/2023/3/14/23639273/google-ai-features-docs-gmail-slides-sheets-workspace,JAMES VINCENT,MAR 31
You can now use Netflix’s cheaper ads plan on your Apple TV,https://www.theverge.com/2023/3/30/23663693/netflix-basic-with-ads-supported-apple-tv,JAY PETERS,MAR 31
Amazon sues sellers for issuing bogus takedown requests on competitors,https://www.theverge.com/2023/3/30/23663339/amazon-sues-sellers-copyright-takedown-competitors,MITCHELL CLARK,MAR 31
Star Trek: Starfleet Academy will follow the most ambitious students in the galaxy,https://www.theverge.com/2023/3/30/23663457/star-trek-starfleet-academy-paramount-plus-streaming-tv-2024,CALLIE WRIGHT,MAR 31
The Framework Laptop 16 is trying to bring back snap-on removable batteries,https://www.theverge.com/2023/3/30/23612467/framework-laptop-16-battery-parts-games,SEAN HOLLISTER,MAR 30
The Last of Us on PC gets patches to fix some performance issues,https://www.theverge.com/2023/3/30/23662961/the-last-of-us-pc-patch-performance-fixes,TOM WARREN,MAR 30
BuzzFeed is using AI to write SEO-bait travel guides,https://www.theverge.com/2023/3/30/23663206/buzzfeed-ai-travel-guides-buzzy,JAY PETERS,MAR 30
The OverDrive library ebook app is shutting down on May 1st,https://www.theverge.com/2023/3/30/23662976/overdrive-libby-ebook-lending-library-apps-transition,UMAR SHAKIR,MAR 30
Where to preorder Samsung’s Galaxy A54 phone,https://www.theverge.com/23659022/samsung-galaxy-a54-phone-preorder-deal-sale,SHEENA VASANI,MAR 30
Ring’s best video doorbell is 30 percent off today for Verge readers,https://www.theverge.com/good-deals/2023/3/30/23662167/ring-video-doorbell-pro-2-ps5-bundle-amazon-kindle-paperwhite-deal-sale,BRANDON WIDDER,MAR 30
The English dub trailer for Makoto Shinkai’s Suzume is for closers,https://www.theverge.com/2023/3/30/23662996/suzume-english-dub-trailer-makoto-shinkai,CHARLES PULLIAM-MOORE,MAR 30
Music producers revolted against an app’s subscription scheme — and won,https://www.theverge.com/2023/3/30/23662000/waves-audio-engineering-plugins-subscription-creative-access-perpetual-license,ANDREW MARINO,MAR 30
Waymo retires its Chrysler Pacifica minivans as it switches to an all-electric robotaxi fleet,https://www.theverge.com/2023/3/30/23663087/waymo-retire-chrysler-pacifica-minivan-ev-robotaxi,ANDREW J. HAWKINS,MAR 30
Netflix is bringing back the cast of Scott Pilgrim vs. The World for its anime series,https://www.theverge.com/2023/3/30/23663056/netflix-scott-pilgrim-anime-cast,ANDREW WEBSTER,MAR 30
Google’s ADT partnership finally has a new home security product to show for it,https://www.theverge.com/2023/3/28/23660538/google-partnership-adt-self-setup-diy-home-security,JENNIFER PATTISON TUOHY,MAR 30
AI image generator Midjourney stops free trials but says influx of new users to blame,https://www.theverge.com/2023/3/30/23662940/deepfake-viral-ai-misinformation-midjourney-stops-free-trials,JAMES VINCENT,MAR 30
Oura Ring Generation 3 review: a relationship for the long term,https://www.theverge.com/22789248/oura-ring-3-review-sleep-tracker-fitness-tracker,VICTORIA SONG,MAR 30
Huge Microsoft exploit allowed users to manipulate Bing search results and access Outlook email accounts,https://www.theverge.com/2023/3/30/23661426/microsoft-azure-bing-office365-security-exploit-search-results,JESS WEATHERBED,MAR 30
